Filename,Start Time (s),End Time (s),Detected Feature
GC_F1-10ml.wav,2.8212244897959184,3.076643990929705,Energy
GC_F1-10ml.wav,3.297233560090703,3.297233560090703,Energy
GC_F1-10ml.wav,1437.1874829931974,1450.5737868480726,Envelope
GC_F1-10ml.wav,1452.0018140589568,1545.6595011337868,Envelope
GC_F1-10ml.wav,1554.6920634920634,1558.244716553288,Envelope
GC_F1-10ml.wav,1560.5783219954649,1581.7084807256235,Envelope
GC_F1-10ml.wav,1583.322267573696,1591.1938321995465,Envelope
GC_F1-10ml.wav,1594.5026757369615,1597.1149206349207,Envelope
GC_F1-10ml.wav,1603.8487074829932,1622.6336507936508,Envelope
GC_F1-10ml.wav,1629.5183673469387,1672.126984126984,Envelope
GC_F1-10ml.wav,1687.9397732426303,1690.2501587301588,Envelope
GC_F1-10ml.wav,1692.9320634920634,1694.452970521542,Envelope
GC_F1-10ml.wav,1703.009523809524,1706.7595464852607,Envelope
GC_F1-10ml.wav,1711.531247165533,1719.2867120181406,Envelope
GC_F1-10ml.wav,1727.5994557823128,1731.662947845805,Envelope
GC_F1-10ml.wav,1736.655238095238,1744.1436734693877,Envelope
GC_F1-10ml.wav,1757.971156462585,1767.235918367347,Envelope
GC_F1-10ml.wav,1788.5402267573695,1789.921814058957,Envelope
GC_F1-10ml.wav,2.8212244897959184,3.006984126984127,Spectral Flux
GC_F1-10ml.wav,3.030204081632653,3.1579138321995464,Spectral Flux
GC_F1-10ml.wav,3.2856235827664397,3.3901133786848074,Spectral Flux
GC_F1-10ml.wav,3.4249433106575964,3.4249433106575964,Spectral Flux
GC_F1-20ml.wav,3.541043083900227,3.541043083900227,Energy
GC_F1-20ml.wav,1808.7531972789116,1809.0086167800453,Envelope
GC_F1-20ml.wav,1812.5032199546486,1817.4955102040817,Envelope
GC_F1-20ml.wav,1817.6812698412698,1821.9421315192744,Envelope
GC_F1-20ml.wav,1822.0234013605443,1822.0234013605443,Envelope
GC_F1-20ml.wav,3.5062131519274375,3.5062131519274375,Spectral Flux
GC_F1-3ml.wav,2.8212244897959184,2.948934240362812,Energy
GC_F1-3ml.wav,4.272471655328798,4.272471655328798,Energy
GC_F1-3ml.wav,759.6872562358277,1435.364716553288,Envelope
GC_F1-3ml.wav,1450.1790476190477,1453.2092517006802,Envelope
GC_F1-3ml.wav,1467.0715646258504,1519.0494331065759,Envelope
GC_F1-3ml.wav,1525.7948299319728,1531.274739229025,Envelope
GC_F1-3ml.wav,1533.4225850340135,1539.3785034013606,Envelope
GC_F1-3ml.wav,1544.080544217687,1546.4373696145124,Envelope
GC_F1-3ml.wav,1566.766439909297,1583.57768707483,Envelope
GC_F1-3ml.wav,1587.339319727891,1594.351746031746,Envelope
GC_F1-3ml.wav,1630.7838548752834,1637.5408616780046,Envelope
GC_F1-3ml.wav,1644.355918367347,1666.1246258503402,Envelope
GC_F1-3ml.wav,1668.7949206349206,2195.551201814059,Envelope
GC_F1-3ml.wav,1.4628571428571429,2.7980045351473923,Spectral Flux
GC_F1-3ml.wav,2.8328344671201813,2.948934240362812,Spectral Flux
GC_F1-3ml.wav,2.972154195011338,3.0882539682539685,Spectral Flux
GC_F1-3ml.wav,3.215963718820862,4.260861678004535,Spectral Flux
GC_F1-3ml.wav,4.284081632653061,4.284081632653061,Spectral Flux
GC_F1-50ml.wav,2.426485260770975,4.6439909297052155,Energy
GC_F1-50ml.wav,6.373877551020408,6.5364172335600905,Energy
GC_F1-50ml.wav,6.907936507936508,6.907936507936508,Energy
GC_F1-50ml.wav,1181.965351473923,1183.683628117914,Envelope
GC_F1-50ml.wav,1244.4154195011338,1249.4773696145126,Envelope
GC_F1-50ml.wav,1251.1608163265307,2352.8780045351473,Envelope
GC_F1-50ml.wav,2385.7226303854877,3267.964807256236,Envelope
GC_F1-50ml.wav,3268.9284353741496,3351.661133786848,Envelope
GC_F1-50ml.wav,3354.2385487528345,3356.2702947845805,Envelope
GC_F1-50ml.wav,3358.9754195011337,3363.526530612245,Envelope
GC_F1-50ml.wav,3368.611700680272,3369.1573696145124,Envelope
GC_F1-50ml.wav,3372.66358276644,3376.018866213152,Envelope
GC_F1-50ml.wav,3378.1202721088434,3381.5568253968254,Envelope
GC_F1-50ml.wav,3384.6102494331067,3538.5121088435376,Envelope
GC_F1-50ml.wav,3541.310113378685,3541.310113378685,Envelope
GC_F1-50ml.wav,2.2871655328798184,2.403265306122449,Spectral Flux
GC_F1-50ml.wav,2.426485260770975,4.574331065759637,Spectral Flux
GC_F1-50ml.wav,4.6439909297052155,6.362267573696145,Spectral Flux
GC_F1-50ml.wav,6.3854875283446715,6.5364172335600905,Spectral Flux
GC_F1-50ml.wav,6.559637188208617,6.884716553287982,Spectral Flux
GC_F1-50ml.wav,6.907936507936508,6.907936507936508,Spectral Flux
GC_F1-5ml.wav,1.3467573696145125,1.3467573696145125,Energy
GC_F1-5ml.wav,693.6613151927438,694.682993197279,Envelope
GC_F1-5ml.wav,694.9384126984127,695.2867120181406,Envelope
GC_F1-5ml.wav,695.6466213151928,700.4763718820861,Envelope
GC_F1-5ml.wav,705.9795011337868,883.4960544217687,Envelope
GC_F1-5ml.wav,1.3351473922902495,1.7066666666666668,Spectral Flux
GC_F1-5ml.wav,1.7298866213151927,1.7298866213151927,Spectral Flux
GC_F2_10ML.wav,3.1811337868480725,3.4249433106575964,Energy
GC_F2_10ML.wav,1631.5501133786847,1639.3520181405895,Envelope
GC_F2_10ML.wav,1643.3226303854876,1676.9102947845804,Envelope
GC_F2_10ML.wav,1684.7702494331065,1686.418866213152,Envelope
GC_F2_10ML.wav,1692.6302040816327,1693.8260317460317,Envelope
GC_F2_10ML.wav,1735.3549206349207,1736.608798185941,Envelope
GC_F2_10ML.wav,1751.1328798185941,1756.0439002267574,Envelope
GC_F2_10ML.wav,1757.6460770975057,1759.375963718821,Envelope
GC_F2_10ML.wav,1787.414058956916,1788.6563265306122,Envelope
GC_F2_10ML.wav,1790.328163265306,1791.2569614512472,Envelope
GC_F2_10ML.wav,1792.08126984127,1792.882358276644,Envelope
GC_F2_10ML.wav,1793.5209070294784,1795.041814058957,Envelope
GC_F2_10ML.wav,1797.2477097505669,1798.5480272108844,Envelope
GC_F2_10ML.wav,1799.9296145124717,1800.870022675737,Envelope
GC_F2_10ML.wav,1801.3808616780045,1802.3444897959184,Envelope
GC_F2_10ML.wav,1804.1672562358276,1804.7709750566894,Envelope
GC_F2_10ML.wav,1807.1045804988662,1808.021768707483,Envelope
GC_F2_10ML.wav,1809.4149659863945,1810.889433106576,Envelope
GC_F2_10ML.wav,1811.7834013605443,1813.6177777777777,Envelope
GC_F2_10ML.wav,1814.8136054421768,1818.087619047619,Envelope
GC_F2_10ML.wav,1819.3182766439909,1847.8904308390022,Envelope
GC_F2_10ML.wav,1850.572335600907,1854.6474376417234,Envelope
GC_F2_10ML.wav,1856.748843537415,1859.9764172335601,Envelope
GC_F2_10ML.wav,1873.8967800453515,1874.5701587301587,Envelope
GC_F2_10ML.wav,3.1811337868480725,3.2856235827664397,Spectral Flux
GC_F2_10ML.wav,3.308843537414966,3.4249433106575964,Spectral Flux
GC_F2_10ML.wav,3.4481632653061225,3.5874829931972787,Spectral Flux
GC_F2_10ML.wav,3.633922902494331,3.633922902494331,Spectral Flux
GC_F2_20Ml.wav,2.8676643990929707,3.053424036281179,Energy
GC_F2_20Ml.wav,4.4117913832199545,4.4117913832199545,Energy
GC_F2_20Ml.wav,1478.8673015873017,1486.4602267573696,Envelope
GC_F2_20Ml.wav,1489.8503401360545,1499.358911564626,Envelope
GC_F2_20Ml.wav,1502.0524263038549,1512.3620861678005,Envelope
GC_F2_20Ml.wav,1517.3543764172337,1568.2873469387755,Envelope
GC_F2_20Ml.wav,1570.42358276644,1572.0838095238096,Envelope
GC_F2_20Ml.wav,1575.009523809524,1581.4066213151928,Envelope
GC_F2_20Ml.wav,1582.4979591836734,1584.4484353741498,Envelope
GC_F2_20Ml.wav,1587.8965986394558,1591.1009523809523,Envelope
GC_F2_20Ml.wav,2263.3766893424036,2266.6855328798188,Envelope
GC_F2_20Ml.wav,2269.924716553288,2324.0504308390023,Envelope
GC_F2_20Ml.wav,2330.9931972789113,2346.202267573696,Envelope
GC_F2_20Ml.wav,2.8676643990929707,3.053424036281179,Spectral Flux
GC_F2_20Ml.wav,3.076643990929705,4.4117913832199545,Spectral Flux
GC_F2_20Ml.wav,4.435011337868481,4.551111111111111,Spectral Flux
GC_F2_3Ml.wav,2.8676643990929707,2.995374149659864,Energy
GC_F2_3Ml.wav,1463.391201814059,1470.0553287981859,Envelope
GC_F2_3Ml.wav,1471.8897052154196,1475.001179138322,Envelope
GC_F2_3Ml.wav,1476.8819954648527,1482.0716553287982,Envelope
GC_F2_3Ml.wav,1534.2468934240362,1541.12,Envelope
GC_F2_3Ml.wav,1542.0139682539682,1546.0542403628117,Envelope
GC_F2_3Ml.wav,1598.8680272108843,1600.1567346938775,Envelope
GC_F2_3Ml.wav,1602.7457596371883,1609.1892970521542,Envelope
GC_F2_3Ml.wav,2.8328344671201813,2.9837641723356008,Spectral Flux
GC_F2_3Ml.wav,3.006984126984127,3.111473922902494,Spectral Flux
GC_F2_50ML.wav,2.670294784580499,2.9257142857142857,Energy
GC_F2_50ML.wav,5.5147392290249435,5.712108843537415,Energy
GC_F2_50ML.wav,5.793378684807256,5.793378684807256,Energy
GC_F2_50ML.wav,1367.5043990929705,1372.380589569161,Envelope
GC_F2_50ML.wav,1379.5323356009071,1412.4930612244898,Envelope
GC_F2_50ML.wav,1419.5519274376418,1420.5155555555555,Envelope
GC_F2_50ML.wav,1494.0415419501135,1502.1685260770976,Envelope
GC_F2_50ML.wav,1503.166984126984,1504.9549206349207,Envelope
GC_F2_50ML.wav,1505.8024489795919,1507.3233560090703,Envelope
GC_F2_50ML.wav,1510.8179591836736,1511.6190476190477,Envelope
GC_F2_50ML.wav,1517.4820861678004,1530.9960997732426,Envelope
GC_F2_50ML.wav,1534.2701133786848,1536.3599092970521,Envelope
GC_F2_50ML.wav,1537.0216780045353,1537.985306122449,Envelope
GC_F2_50ML.wav,1538.4148752834467,1539.262403628118,Envelope
GC_F2_50ML.wav,1540.7484807256235,1541.8746485260772,Envelope
GC_F2_50ML.wav,2404.3450340136055,2830.291882086168,Envelope
GC_F2_50ML.wav,2866.1202721088434,2870.8455328798186,Envelope
GC_F2_50ML.wav,2877.9972789115645,2925.4356462585033,Envelope
GC_F2_50ML.wav,2926.2367346938777,2929.777777777778,Envelope
GC_F2_50ML.wav,2932.6338321995463,2938.8219501133785,Envelope
GC_F2_50ML.wav,2939.8204081632653,2941.5386848072562,Envelope
GC_F2_50ML.wav,2947.6803628117914,2948.226031746032,Envelope
GC_F2_50ML.wav,2963.7601814058958,2969.286530612245,Envelope
GC_F2_50ML.wav,2970.7145578231293,2971.3879365079365,Envelope
GC_F2_50ML.wav,2972.4908843537414,2976.1480272108843,Envelope
GC_F2_50ML.wav,2.6586848072562357,2.7747845804988662,Spectral Flux
GC_F2_50ML.wav,2.914104308390023,4.6788208616780045,Spectral Flux
GC_F2_50ML.wav,4.702040816326531,5.50312925170068,Spectral Flux
GC_F2_50ML.wav,5.526349206349207,5.712108843537415,Spectral Flux
GC_F2_50ML.wav,5.7817687074829935,5.7817687074829935,Spectral Flux
GC_F2_5ml.wav,4.667210884353741,4.783310657596372,Energy
GC_F2_5ml.wav,4.864580498866213,4.992290249433107,Energy
GC_F2_5ml.wav,2386.930068027211,2391.341859410431,Envelope
GC_F2_5ml.wav,2397.924716553288,2403.2885260770977,Envelope
GC_F2_5ml.wav,2455.440544217687,2456.903401360544,Envelope
GC_F2_5ml.wav,2461.663492063492,2462.859319727891,Envelope
GC_F2_5ml.wav,2464.705306122449,2498.966349206349,Envelope
GC_F2_5ml.wav,2500.324716553288,2501.8107936507936,Envelope
GC_F2_5ml.wav,2504.690068027211,2505.433106575964,Envelope
GC_F2_5ml.wav,2508.033741496599,2511.1452154195013,Envelope
GC_F2_5ml.wav,2514.0128798185942,2516.4625850340135,Envelope
GC_F2_5ml.wav,2518.5291609977326,2523.149931972789,Envelope
GC_F2_5ml.wav,2527.1785941043086,2530.255238095238,Envelope
GC_F2_5ml.wav,2532.7746031746033,2536.2227664399093,Envelope
GC_F2_5ml.wav,2537.0935147392292,2539.252970521542,Envelope
GC_F2_5ml.wav,2544.4426303854875,2551.385396825397,Envelope
GC_F2_5ml.wav,2561.4744671201815,2563.181133786848,Envelope
GC_F2_5ml.wav,2566.2113378684808,2569.0673922902492,Envelope
GC_F2_5ml.wav,2569.9381405895692,2571.215238095238,Envelope
GC_F2_5ml.wav,2573.3630839002267,2573.955192743764,Envelope
GC_F2_5ml.wav,2576.0333786848073,2576.474557823129,Envelope
GC_F2_5ml.wav,4.632380952380952,4.771700680272109,Spectral Flux
GC_F2_5ml.wav,4.794920634920635,4.899410430839002,Spectral Flux
GC_F2_5ml.wav,4.957460317460318,4.957460317460318,Spectral Flux
GE-M1-3ml.wav,8.881632653061224,9.496961451247165,Energy
GE-M1-3ml.wav,2978.5280725623584,2981.0474376417233,Envelope
GE-M1-3ml.wav,4551.738049886621,4567.655328798186,Envelope
GE-M1-3ml.wav,4573.646077097505,4578.3248979591835,Envelope
GE-M1-3ml.wav,4581.343492063492,4870.118458049887,Envelope
GE-M1-3ml.wav,4872.579773242631,4882.959092970522,Envelope
GE-M1-3ml.wav,4889.309750566894,4894.139501133787,Envelope
GE-M1-3ml.wav,4897.912743764173,4902.312925170068,Envelope
GE-M1-3ml.wav,4906.3996371882085,4910.881088435374,Envelope
GE-M1-3ml.wav,4913.017324263039,4916.662857142857,Envelope
GE-M1-3ml.wav,4918.915192743764,4920.343219954649,Envelope
GE-M1-3ml.wav,4923.303764172336,4923.303764172336,Envelope
GE-M1-3ml.wav,3.0882539682539685,3.877732426303855,Spectral Flux
GE-M1-3ml.wav,3.900952380952381,5.804988662131519,Spectral Flux
GE-M1-3ml.wav,5.828208616780046,8.870022675736962,Spectral Flux
GE-M1-3ml.wav,8.893242630385487,9.485351473922902,Spectral Flux
GE-M1-3ml.wav,9.508571428571429,9.508571428571429,Spectral Flux
GE_F1-10ML.wav,8.684263038548753,8.800362811791382,Energy
GE_F1-10ML.wav,8.835192743764173,11.586757369614512,Energy
GE_F1-10ML.wav,12.085986394557823,12.19047619047619,Energy
GE_F1-10ML.wav,12.225306122448979,12.225306122448979,Energy
GE_F1-10ML.wav,4451.265306122449,4453.099682539682,Envelope
GE_F1-10ML.wav,4469.3652607709755,4471.466666666666,Envelope
GE_F1-10ML.wav,4479.663310657596,4481.845986394558,Envelope
GE_F1-10ML.wav,4483.924172335601,4511.637188208617,Envelope
GE_F1-10ML.wav,4525.197641723356,4527.194557823129,Envelope
GE_F1-10ML.wav,4530.4337414965985,5890.786394557823,Envelope
GE_F1-10ML.wav,5939.6179591836735,5941.022766439909,Envelope
GE_F1-10ML.wav,5944.668299319728,5946.026666666667,Envelope
GE_F1-10ML.wav,5949.799909297052,5951.344036281179,Envelope
GE_F1-10ML.wav,6189.011882086168,6189.244081632653,Envelope
GE_F1-10ML.wav,6190.4399092970525,6191.41514739229,Envelope
GE_F1-10ML.wav,6192.854784580499,6193.110204081632,Envelope
GE_F1-10ML.wav,6194.131882086168,6196.082358276644,Envelope
GE_F1-10ML.wav,6197.684535147392,6201.550657596372,Envelope
GE_F1-10ML.wav,6209.956281179138,6216.655238095238,Envelope
GE_F1-10ML.wav,6219.360362811792,6225.084081632653,Envelope
GE_F1-10ML.wav,6227.940136054422,6228.892154195011,Envelope
GE_F1-10ML.wav,6234.975782312925,6237.831836734694,Envelope
GE_F1-10ML.wav,6239.9796825396825,6241.512199546485,Envelope
GE_F1-10ML.wav,6246.214240362812,6247.375238095238,Envelope
GE_F1-10ML.wav,6254.619863945578,6264.140045351474,Envelope
GE_F1-10ML.wav,6266.96126984127,6272.2554195011335,Envelope
GE_F1-10ML.wav,6279.813514739229,6288.462947845805,Envelope
GE_F1-10ML.wav,6293.559727891156,6296.787301587302,Envelope
GE_F1-10ML.wav,6299.109297052154,6302.928979591837,Envelope
GE_F1-10ML.wav,6305.216145124717,6310.069115646258,Envelope
GE_F1-10ML.wav,6316.280453514739,6323.548299319727,Envelope
GE_F1-10ML.wav,6326.845532879818,6329.597097505669,Envelope
GE_F1-10ML.wav,6406.931156462585,6412.770975056689,Envelope
GE_F1-10ML.wav,8.568163265306122,8.684263038548753,Spectral Flux
GE_F1-10ML.wav,8.811972789115647,11.493877551020407,Spectral Flux
GE_F1-10ML.wav,11.517097505668934,12.062766439909296,Spectral Flux
GE_F1-10ML.wav,12.097596371882085,12.213696145124716,Spectral Flux
GE_F1-10ML.wav,12.236916099773243,12.34140589569161,Spectral Flux
GE_F1-10ML.wav,12.364625850340136,12.503945578231292,Spectral Flux
GE_F1-10ML.wav,12.527165532879819,12.527165532879819,Spectral Flux
GE_F1_3ML.wav,7.314285714285714,7.314285714285714,Energy
GE_F1_3ML.wav,168.18213151927438,170.3415873015873,Envelope
GE_F1_3ML.wav,172.96544217687074,175.182947845805,Envelope
GE_F1_3ML.wav,183.73950113378686,185.34167800453514,Envelope
GE_F1_3ML.wav,186.24725623582768,187.00190476190477,Envelope
GE_F1_3ML.wav,3210.8785487528344,3754.3996371882085,Envelope
GE_F1_3ML.wav,3766.19537414966,3810.1043083900227,Envelope
GE_F1_3ML.wav,3853.815873015873,3855.2090702947844,Envelope
GE_F1_3ML.wav,3891.130340136054,3891.130340136054,Envelope
GE_F1_3ML.wav,0.34829931972789113,6.246167800453515,Spectral Flux
GE_F1_3ML.wav,6.2693877551020405,7.314285714285714,Spectral Flux
GE_F1_3ML.wav,7.337505668934241,7.441995464852607,Spectral Flux
GE_F1_3ML.wav,7.511655328798186,7.511655328798186,Spectral Flux
GE_F1_5ML.wav,5.270929705215419,6.524807256235827,Energy
GE_F1_5ML.wav,2707.0403628117915,2753.758911564626,Envelope
GE_F1_5ML.wav,2758.18231292517,2778.615873015873,Envelope
GE_F1_5ML.wav,3346.239274376417,3361.8779138321997,Envelope
GE_F1_5ML.wav,3363.282721088435,3363.282721088435,Envelope
GE_F1_5ML.wav,5.270929705215419,5.375419501133787,Spectral Flux
GE_F1_5ML.wav,5.410249433106576,6.513197278911565,Spectral Flux
GE_F1_5ML.wav,6.5364172335600905,6.5364172335600905,Spectral Flux
GE_M1-20ml.wav,10.65795918367347,10.785668934240363,Energy
GE_M1-20ml.wav,11.482267573696145,12.422675736961452,Energy
GE_M1-20ml.wav,13.246984126984128,13.246984126984128,Energy
GE_M1-20ml.wav,5243.367619047619,5455.272925170068,Envelope
GE_M1-20ml.wav,5460.149115646259,5467.823310657596,Envelope
GE_M1-20ml.wav,5471.166984126984,5472.780770975057,Envelope
GE_M1-20ml.wav,5480.675555555556,5488.7096598639455,Envelope
GE_M1-20ml.wav,5496.627664399093,5509.247709750567,Envelope
GE_M1-20ml.wav,5515.470657596372,5525.687437641724,Envelope
GE_M1-20ml.wav,5530.06439909297,5537.843083900227,Envelope
GE_M1-20ml.wav,5542.115555555555,5553.365623582767,Envelope
GE_M1-20ml.wav,5557.858684807256,5562.676825396826,Envelope
GE_M1-20ml.wav,5565.811519274376,5568.911383219955,Envelope
GE_M1-20ml.wav,5572.255056689342,5576.086349206349,Envelope
GE_M1-20ml.wav,5577.978775510204,5580.289160997732,Envelope
GE_M1-20ml.wav,5866.9395011337865,5873.963537414966,Envelope
GE_M1-20ml.wav,5874.230566893424,5875.879183673469,Envelope
GE_M1-20ml.wav,5877.516190476191,5879.0370975056685,Envelope
GE_M1-20ml.wav,5880.29097505669,5881.602902494331,Envelope
GE_M1-20ml.wav,5882.891609977324,5884.13387755102,Envelope
GE_M1-20ml.wav,5884.691156462585,5884.923356009071,Envelope
GE_M1-20ml.wav,5886.014693877551,5889.265487528344,Envelope
GE_M1-20ml.wav,5890.113015873016,5891.215963718821,Envelope
GE_M1-20ml.wav,5891.668752834467,5892.3305215419505,Envelope
GE_M1-20ml.wav,5893.4682993197275,5895.395555555556,Envelope
GE_M1-20ml.wav,5898.6927891156465,5903.058140589569,Envelope
GE_M1-20ml.wav,5903.545759637188,5904.37006802721,Envelope
GE_M1-20ml.wav,5911.486984126984,5913.739319727892,Envelope
GE_M1-20ml.wav,5923.53814058957,5931.46775510204,Envelope
GE_M1-20ml.wav,5933.522721088435,6348.521360544218,Envelope
GE_M1-20ml.wav,6350.808526077098,6365.529977324263,Envelope
GE_M1-20ml.wav,6368.432471655329,6372.681723356009,Envelope
GE_M1-20ml.wav,6383.606712018141,6388.807981859411,Envelope
GE_M1-20ml.wav,6391.455056689342,6772.215873015873,Envelope
GE_M1-20ml.wav,6773.609070294785,6775.571156462585,Envelope
GE_M1-20ml.wav,6778.821950113379,6781.260045351474,Envelope
GE_M1-20ml.wav,6786.705124716554,6786.99537414966,Envelope
GE_M1-20ml.wav,6787.575873015873,6787.819682539683,Envelope
GE_M1-20ml.wav,6788.075102040816,6791.581315192744,Envelope
GE_M1-20ml.wav,6793.53179138322,6793.705941043084,Envelope
GE_M1-20ml.wav,6797.328253968254,6797.606893424037,Envelope
GE_M1-20ml.wav,6797.827482993197,6798.431201814059,Envelope
GE_M1-20ml.wav,6798.698231292517,6801.693605442177,Envelope
GE_M1-20ml.wav,6804.003990929706,6806.407256235828,Envelope
GE_M1-20ml.wav,6812.398004535147,6814.650340136054,Envelope
GE_M1-20ml.wav,6814.812879818594,6816.496326530612,Envelope
GE_M1-20ml.wav,6819.317551020408,6819.53814058957,Envelope
GE_M1-20ml.wav,6820.5830385487525,6839.484081632653,Envelope
GE_M1-20ml.wav,10.216780045351474,10.646349206349207,Spectral Flux
GE_M1-20ml.wav,10.692789115646258,10.80888888888889,Spectral Flux
GE_M1-20ml.wav,10.832108843537416,11.470657596371883,Spectral Flux
GE_M1-20ml.wav,11.493877551020407,11.598367346938776,Spectral Flux
GE_M1-20ml.wav,12.387845804988663,13.200544217687074,Spectral Flux
GE_M1-20ml.wav,13.235374149659863,13.235374149659863,Spectral Flux
GE_M1_10ml.wav,10.936598639455783,11.04108843537415,Energy
GE_M1_10ml.wav,11.377777777777778,12.910294784580499,Energy
GE_M1_10ml.wav,12.968344671201814,12.968344671201814,Energy
GE_M1_10ml.wav,5579.894421768708,5582.286077097506,Envelope
GE_M1_10ml.wav,5584.236553287982,5586.87201814059,Envelope
GE_M1_10ml.wav,5589.855782312925,5592.07328798186,Envelope
GE_M1_10ml.wav,5604.588843537415,5604.809433106576,Envelope
GE_M1_10ml.wav,5605.424761904762,5605.842721088436,Envelope
GE_M1_10ml.wav,5606.771519274376,5607.015328798186,Envelope
GE_M1_10ml.wav,5607.386848072562,5607.723537414966,Envelope
GE_M1_10ml.wav,5608.896145124717,5611.311020408163,Envelope
GE_M1_10ml.wav,5614.027755102041,5615.444172335601,Envelope
GE_M1_10ml.wav,5616.442630385488,5616.790929705216,Envelope
GE_M1_10ml.wav,5617.127619047619,5617.847437641723,Envelope
GE_M1_10ml.wav,5618.903945578231,5619.182585034014,Envelope
GE_M1_10ml.wav,5620.715102040816,5621.8760997732425,Envelope
GE_M1_10ml.wav,5623.698866213152,5624.302585034014,Envelope
GE_M1_10ml.wav,5624.569614512472,5625.242993197279,Envelope
GE_M1_10ml.wav,5627.158639455783,5627.866848072563,Envelope
GE_M1_10ml.wav,5628.110657596372,5630.293333333333,Envelope
GE_M1_10ml.wav,5631.29179138322,5631.872290249433,Envelope
GE_M1_10ml.wav,5632.95201814059,5635.575873015873,Envelope
GE_M1_10ml.wav,5636.017052154195,5637.154829931973,Envelope
GE_M1_10ml.wav,5637.886258503401,5639.058866213152,Envelope
GE_M1_10ml.wav,5639.894784580499,5640.9629024943315,Envelope
GE_M1_10ml.wav,5642.031020408163,5643.563537414966,Envelope
GE_M1_10ml.wav,5645.5488435374145,5646.837551020408,Envelope
GE_M1_10ml.wav,5648.14947845805,5648.520997732427,Envelope
GE_M1_10ml.wav,5649.6239455782315,5653.141768707483,Envelope
GE_M1_10ml.wav,5656.404172335601,5656.798911564626,Envelope
GE_M1_10ml.wav,5657.68126984127,5659.492426303855,Envelope
GE_M1_10ml.wav,5659.852335600907,5660.43283446712,Envelope
GE_M1_10ml.wav,5661.454512471655,5661.826031746032,Envelope
GE_M1_10ml.wav,5662.081451247165,5667.004081632653,Envelope
GE_M1_10ml.wav,5668.130249433107,5673.2154195011335,Envelope
GE_M1_10ml.wav,5678.277369614512,5682.677551020408,Envelope
GE_M1_10ml.wav,5686.253424036281,5692.2557823129255,Envelope
GE_M1_10ml.wav,5696.063854875283,5705.758185941043,Envelope
GE_M1_10ml.wav,5710.448616780045,5712.654512471655,Envelope
GE_M1_10ml.wav,5746.033197278912,5753.800272108843,Envelope
GE_M1_10ml.wav,5754.392380952381,5770.820498866213,Envelope
GE_M1_10ml.wav,5774.442811791383,5778.297324263039,Envelope
GE_M1_10ml.wav,5783.405714285715,5787.562086167801,Envelope
GE_M1_10ml.wav,5791.021859410431,5809.145034013605,Envelope
GE_M1_10ml.wav,5812.53514739229,5817.9686167800455,Envelope
GE_M1_10ml.wav,5820.371882086168,5820.557641723356,Envelope
GE_M1_10ml.wav,5821.753469387755,5822.751927437642,Envelope
GE_M1_10ml.wav,5824.27283446712,5825.340952380952,Envelope
GE_M1_10ml.wav,5826.362630385487,5826.757369614513,Envelope
GE_M1_10ml.wav,5828.266666666666,5830.18231292517,Envelope
GE_M1_10ml.wav,5831.447800453515,5833.189297052154,Envelope
GE_M1_10ml.wav,5833.444716553288,5834.75664399093,Envelope
GE_M1_10ml.wav,5836.277551020408,5837.798458049887,Envelope
GE_M1_10ml.wav,5838.1003174603175,5839.447074829932,Envelope
GE_M1_10ml.wav,5842.535328798186,5845.762902494331,Envelope
GE_M1_10ml.wav,5846.447891156463,5849.153015873016,Envelope
GE_M1_10ml.wav,5850.070204081632,5852.485079365079,Envelope
GE_M1_10ml.wav,5853.529977324263,5855.886802721088,Envelope
GE_M1_10ml.wav,5856.65306122449,5856.943310657596,Envelope
GE_M1_10ml.wav,5859.4394557823125,5859.834195011338,Envelope
GE_M1_10ml.wav,5863.096598639456,5863.549387755102,Envelope
GE_M1_10ml.wav,5864.0718367346935,5865.256054421769,Envelope
GE_M1_10ml.wav,5865.8133333333335,5866.02231292517,Envelope
GE_M1_10ml.wav,5866.254512471655,5870.329614512471,Envelope
GE_M1_10ml.wav,5870.585034013606,5871.664761904762,Envelope
GE_M1_10ml.wav,5877.585850340136,6610.082539682539,Envelope
GE_M1_10ml.wav,6617.768344671202,6625.523809523809,Envelope
GE_M1_10ml.wav,6632.454965986394,6632.60589569161,Envelope
GE_M1_10ml.wav,6633.975873015873,6635.427120181406,Envelope
GE_M1_10ml.wav,6635.740589569161,6636.379138321995,Envelope
GE_M1_10ml.wav,6636.588117913832,6642.660136054422,Envelope
GE_M1_10ml.wav,6645.783219954648,6646.340498866213,Envelope
GE_M1_10ml.wav,6647.106757369615,6649.161723356009,Envelope
GE_M1_10ml.wav,10.924988662131518,11.04108843537415,Spectral Flux
GE_M1_10ml.wav,11.110748299319727,11.261678004535147,Spectral Flux
GE_M1_10ml.wav,11.284897959183674,11.42421768707483,Spectral Flux
GE_M1_10ml.wav,11.459047619047618,12.898684807256236,Spectral Flux
GE_M1_10ml.wav,12.921904761904761,12.921904761904761,Spectral Flux
GE_M1_5ml.wav,5.909478458049887,6.431927437641724,Energy
GE_M1_5ml.wav,8.370793650793651,10.994648526077098,Energy
GE_M1_5ml.wav,1560.8685714285714,2540.495238095238,Envelope
GE_M1_5ml.wav,3030.366621315193,3050.161632653061,Envelope
GE_M1_5ml.wav,3297.28,3314.1725170068025,Envelope
GE_M1_5ml.wav,3316.1346031746034,3318.3404988662132,Envelope
GE_M1_5ml.wav,3320.407074829932,3324.0061678004536,Envelope
GE_M1_5ml.wav,4294.0313832199545,4294.995011337868,Envelope
GE_M1_5ml.wav,4580.716553287982,4585.615963718821,Envelope
GE_M1_5ml.wav,4587.113650793651,4589.180226757369,Envelope
GE_M1_5ml.wav,4617.624671201814,4623.998548752835,Envelope
GE_M1_5ml.wav,5633.637006802721,5661.988571428571,Envelope
GE_M1_5ml.wav,5664.542766439909,5851.022222222222,Envelope
GE_M1_5ml.wav,3.030204081632653,4.934240362811791,Spectral Flux
GE_M1_5ml.wav,4.957460317460318,5.897868480725624,Spectral Flux
GE_M1_5ml.wav,5.921088435374149,6.42031746031746,Spectral Flux
GE_M1_5ml.wav,6.466757369614513,8.359183673469389,Spectral Flux
GE_M1_5ml.wav,8.382403628117913,8.93968253968254,Spectral Flux
GE_M1_5ml.wav,8.962902494331066,10.983038548752834,Spectral Flux
GE_M1_5ml.wav,11.017868480725623,11.017868480725623,Spectral Flux
