audio_file,detected_events,threshold_used,timestamp,param_min_swallow_duration,param_max_swallow_duration,param_min_event_separation,param_energy_percentile,param_adaptive_threshold,param_min_prominence,param_smoothing_sigma,param_boundary_method,param_energy_drop_threshold,param_merge_close_events,param_min_silence_duration,expected_swallows,group,volume_ml,accuracy_error
GC-F10-10ml.wav,2,0.017607672,11:00.8,0.05,4,0.5,48,True,0.025,5,energy_based,0.3,True,0.1,2,Control,10,0
GC-F10-20ml.wav,2,0.009318492,11:30.5,0.05,4,0.5,56,True,0.025,2,energy_based,0.3,True,0.1,2,Control,20,0
GC-F10-3ml.wav,1,0.01581087,14:06.1,0.05,4,0.2,60,True,0.002,3,energy_based,0.4,True,0.1,1,Control,3,0
GC-F10-50ml.wav,5,0.02752657,17:44.3,0.05,4,0.5,89,True,0.026,2,energy_based,0.1,True,0.1,5,Control,50,0
GC-F10-5ml.wav,1,0.03368838,18:03.0,0.05,4,0.5,68,True,0.026,2,silence_based,0.3,True,0.1,1,Control,5,0
GC-F11-10ml.wav,1,0.06515556,17:58.5,0.05,4,0.5,62,True,0.007,4,energy_based,0.4,True,0.1,1,Control,10,0
GC-F11-20ml.wav,1,0.043275166,19:03.2,0.05,4,0.5,77,True,0.001,5,energy_based,0.6,True,0.1,1,Control,20,0
GC-F11-3ml.wav,1,0.067786284,19:15.4,0.05,4,0.5,77,True,0.001,5,energy_based,0.6,True,0.1,1,Control,3,0
GC-F11-50ml.wav,6,0.029611858,33:50.1,0.25,4,0.3,82,True,0.067,4,energy_based,0.1,True,0.1,6,Control,50,0
GC-F11-5ml.wav,1,0.019340223,41:21.6,0.25,4,0.3,59,True,0.049,3,energy_based,0.1,True,0.1,1,Control,5,0
GC-F12-10ml.wav,2,0.03353029,00:45.3,0.05,3,0.1,74,True,0.035,4,silence_based,0.1,True,0.1,2,Control,10,0
GC-F12-20ml.wav,1,0.03188535,53:25.5,0.25,4,0.5,68,True,0.053,3,energy_based,0.2,True,0.1,1,Control,20,0
GC-F12-3ml.wav,1,0.062990114,30:34.8,0.05,4.5,0.5,86,True,0.001,1,silence_based,0.3,True,0.1,1,Control,3,0
GC-F12-50ml.wav,5,0.019789444,32:16.0,0.1,2,0.2,85,True,0.021,2,energy_based,0.3,True,0.1,4,Control,50,1
GC-F12-5ml.wav,1,0.007308474,32:16.2,0.1,2,0.3,63,True,0.001,3,silence_based,0.3,True,0.1,1,Control,5,0
GC-F13-10ml.wav,1,0.013945568,32:16.4,0.1,2,0.3,69,True,0.007,4,silence_based,0.3,True,0.1,1,Control,10,0
GC-F13-20ml.wav,1,0.007279958,32:16.6,0.1,2,0.3,69,True,0.007,4,silence_based,0.3,True,0.1,1,Control,20,0
GC-F13-3ml.wav,1,0.021293798,32:16.7,0.1,2,0.3,69,True,0.015,4,energy_based,0.4,True,0.1,1,Control,3,0
GC-F13-50ml.wav,4,0.004008791,32:21.9,0.05,3,0.3,56,True,0.001,5,energy_based,0.5,True,0.1,4,Control,50,0
GC-F13-5ml.wav,1,0.007523559,32:22.1,0.05,3,0.3,56,True,0.001,5,energy_based,0.5,True,0.1,1,Control,5,0
GC-F14-10ml.wav,1,0.037985094,32:22.2,0.05,3,0.3,64,True,0.001,5,energy_based,0.5,True,0.1,1,Control,10,0
GC-F14-20ml.wav,2,0.03418589,32:22.6,0.05,3,0.3,79,True,0.023,2,silence_based,0.5,True,0.1,2,Control,20,0
GC-F14-3ml.wav,1,0.062916815,32:22.7,0.05,3,0.3,79,True,0.023,2,energy_based,0.7,True,0.1,1,Control,3,0
GC-F14-50ml.wav,2,0.0271312,32:22.8,0.05,3,0.3,90,True,0.07,2,energy_based,0.1,True,0.1,2,Control,50,0
GC-F14-5ml.wav,1,0.054233264,07:43.2,0.05,3,0.3,90,True,0.07,2,silence_based,0.4,True,0.1,1,Control,5,0
GC-F15-10ml.wav,1,0.07902784,07:43.4,0.05,3,0.3,90,True,0.062,2,energy_based,0.2,True,0.1,1,Control,10,0
GC-F15-20ml.wav,1,0.016409006,07:43.6,0.05,3,0.3,75,True,0.001,3,energy_based,0.6,True,0.1,1,Control,20,0
GC-F15-3ml.wav,1,0.031180305,07:43.8,0.05,3,0.3,68,True,0.01,3,energy_based,0.6,True,0.1,1,Control,3,0
GC-F15-50ml.wav,6,0.00586432,07:44.0,0.05,3,0.3,55,True,0.017,3,silence_based,0.1,True,0.1,6,Control,50,0
GC-F15-5ml.wav,1,0.056189846,07:44.1,0.05,3,0.3,63,True,0.041,4,energy_based,0.4,True,0.1,1,Control,5,0
GC-F16-10ml.wav,1,0.01246265,07:44.3,0.05,3,0.3,59,True,0.021,1,energy_based,0.3,True,0.1,1,Control,10,0
GC-F16-20ml.wav,1,0.006191539,07:44.5,0.05,3,0.8,50,True,0.001,4,energy_based,0.2,True,0.1,1,Control,20,0
GC-F16-3ml.wav,1,0.028759208,07:44.7,0.05,3,0.8,61,True,0.001,4,energy_based,0.6,True,0.1,1,Control,3,0
GC-F16-50ml.wav,5,0.004761285,07:44.9,0.05,3,0.4,67,True,0.005,5,energy_based,0.5,True,0.1,5,Control,50,0
GC-F16-5ml.wav,1,0.033593804,07:45.1,0.05,3,0.4,67,True,0.005,5,energy_based,0.3,True,0.1,1,Control,5,0
GC-F17-10ml.wav,1,0.018915037,07:45.3,0.05,3,0.4,67,True,0.005,5,energy_based,0.6,True,0.1,1,Control,10,0
GC-F17-20ml.wav,1,0.014758737,07:45.5,0.05,3,0.7,80,True,0.014,3,silence_based,0.2,True,0.1,1,Control,20,0
GC-F17-3ml.wav,1,0.06752377,07:45.7,0.05,3,0.7,80,True,0.014,3,silence_based,0.2,True,0.1,1,Control,3,0
GC-F17-50ml.wav,3,0.021380391,07:45.9,0.05,3,1,84,True,0.001,5,energy_based,0.4,True,0.1,3,Control,50,0
GC-F17-5ml.wav,1,0.046424888,07:46.1,0.05,3,1,90,True,0.001,5,energy_based,0.7,True,0.1,1,Control,5,0
GC-F18-10ml.wav,1,0.02112344,07:46.4,0.05,3,1,77,True,0.001,3,energy_based,0.4,True,0.1,1,Control,10,0
GC-F18-20ml.wav,2,0.043150675,07:46.5,0.05,3,1,90,True,0.065,4,energy_based,0.8,True,0.1,2,Control,20,0
GC-F18-3ml.wav,1,0.03424866,07:46.7,0.05,3,1,72,True,0.047,3,energy_based,0.2,True,0.1,1,Control,3,0
GC-F18-50ml.wav,7,0.017115325,07:47.0,0.05,3,1,72,True,0.047,3,energy_based,0.2,True,0.1,8,Control,50,1
GC-F18-5ml.wav,1,0.009632492,07:47.3,0.05,3,0.4,47,True,0.007,4,energy_based,0.3,True,0.1,1,Control,5,0
GC-F5-10ml.wav,1,0.02545186,07:47.4,0.05,3,0.4,47,True,0.007,4,energy_based,0.3,True,0.1,1,Control,10,0
GC-F5-20ml.wav,1,0.018760223,07:47.5,0.05,3,0.4,61,True,0.007,4,energy_based,0.7,True,0.1,1,Control,20,0
GC-F5-3ml.wav,1,0.019929048,07:47.8,0.05,3,0.4,60,True,0.016,2,energy_based,0.2,True,0.1,1,Control,3,0
GC-F5-50ml.wav,3,0.020388538,07:48.0,0.05,3,0.4,65,True,0.006,4,energy_based,0.5,True,0.1,3,Control,50,0
GC-F5-5ml.wav,1,0.04282028,07:48.3,0.05,3,0.4,65,True,0.025,4,energy_based,0.1,True,0.1,1,Control,5,0
GC-F7-10ml.wav,1,0.021266125,07:48.4,0.05,3,0.4,70,True,0.036,4,silence_based,0.1,True,0.1,1,Control,10,0
GC-F7-20ml.wav,1,0.015017039,07:48.7,0.05,3,0.4,86,True,0.013,2,energy_based,0.4,True,0.1,1,Control,20,0
GC-F7-3ml.wav,1,0.04718372,07:48.8,0.05,3,0.4,67,True,0.013,2,energy_based,0.8,True,0.1,1,Control,3,0
GC-F7-50ml.wav,3,0.037301153,07:49.2,0.05,3,0.4,87,True,0.013,2,energy_based,0.5,True,0.1,3,Control,50,0
GC-F7-5ml.wav,1,0.05015161,07:49.3,0.05,3,0.4,81,True,0.01,2,energy_based,0.5,True,0.1,1,Control,5,0
GC-F8-10ml.wav,1,0.032647323,07:49.5,0.05,3,0.4,81,True,0.01,2,energy_based,0.5,True,0.1,1,Control,10,0
GC-F8-20ml.wav,1,0.04472778,07:49.7,0.05,3,0.4,80,True,0.01,2,energy_based,0.1,True,0.1,1,Control,20,0
GC-F8-3ml.wav,1,0.023081193,07:50.0,0.05,3,0.4,83,True,0.001,4,energy_based,0.1,True,0.1,1,Control,3,0
GC-F8-50ml.wav,4,0.012756143,07:50.1,0.05,3,0.4,83,True,0.004,4,energy_based,0.4,True,0.1,4,Control,50,0
GC-F8-5ml.wav,1,0.053739037,07:50.3,0.05,3,0.4,79,True,0.004,4,energy_based,0.8,True,0.1,1,Control,5,0
GC-F9-10ml.wav,1,0.045085844,07:50.6,0.05,3.5,0.6,85,True,0.02,2,energy_based,0.3,True,0.1,2,Control,10,1
GC-F9-20ml.wav,2,0.014030284,07:50.7,0.05,3.5,0.6,85,True,0.02,2,energy_based,0.3,True,0.1,2,Control,20,0
GC-F9-3ml.wav,1,0.040496178,07:50.9,0.05,3.5,0.6,85,True,0.02,2,silence_based,0.3,True,0.1,1,Control,3,0
GC-F9-50ml.wav,5,0.039385576,07:51.3,0.1,3,0.1,90,True,0.001,4,energy_based,0.1,True,0.1,5,Control,50,0
GC-F9-5ml.wav,1,0.03379327,07:51.4,0.1,3,0.1,90,True,0.053,5,silence_based,0.2,True,0.1,1,Control,5,0
GC-M6-10ml.wav,1,0.012352292,07:51.5,0.1,3,0.9,73,True,0.001,1,energy_based,0.3,True,0.1,1,Control,10,0
GC-M6-20ml.wav,1,0.010215412,07:51.7,0.1,3,0.9,73,True,0.001,1,energy_based,0.3,True,0.1,1,Control,20,0
GC-M6-3ml.wav,1,0.021603733,07:52.0,0.1,3,1.5,75,True,0.049,4,silence_based,0.2,True,0.1,1,Control,3,0
GC-M6-50ML.wav,5,0.018516168,07:52.2,0.1,3,0.2,77,True,0.027,2,silence_based,0.2,True,0.1,5,Control,50,0
GC-M6-5ml.wav,1,0.008012639,07:52.5,0.1,3,1.3,58,True,0.012,3,energy_based,0.2,True,0.1,1,Control,5,0
GE-F2-10ML.wav,2,0.02681972,07:52.6,0.1,3,0.7,90,True,0.037,2,energy_based,0.2,True,0.1,2,Study,10,0
GE-F2-20Ml.wav,3,0.005004838,07:52.8,0.1,3,0.7,81,True,0.009,4,energy_based,0.3,True,0.1,3,Study,20,0
GE-F2-3ML.wav,1,0.011376312,07:53.0,0.1,3,0.1,73,True,0.01,2,energy_based,0.1,True,0.1,1,Study,3,0
GE-F2-50ML.wav,5,0.00941041,07:53.2,0.1,3,0.4,78,True,0.001,3,energy_based,0.4,True,0.1,5,Study,50,0
GE-F2-5ML.wav,1,0.02598138,07:53.4,0.1,3,1,74,True,0.008,3,silence_based,0.5,True,0.1,1,Study,5,0
GE-M1-3ml.wav,1,0.014650593,07:53.6,0.1,3,0.7,63,True,0.015,4,silence_based,0.6,True,0.1,1,Study,3,0
GE-M2-10ML.wav,1,0.030324355,07:53.8,0.1,3,0.7,88,True,0.015,5,energy_based,0.3,True,0.1,1,Study,10,0
GE-M2-20ML.wav,2,0.009611302,57:36.2,0.05,3,0.1,45,True,0.012,5,silence_based,0.3,True,0.1,1,Study,10,1
GE-M2-3Ml.wav,1,0.07327014,07:54.3,0.1,3,0.4,73,True,0.016,4,silence_based,0.2,True,0.1,1,Study,3,0
GE-M2-50ML.wav,3,0.030198816,57:35.9,0.1,3,0.3,84,True,0.009,3,silence_based,0.2,True,0.1,1,Study,3,2
GE-M2-5ML.wav,1,0.040221088,07:54.7,0.1,3,1,82,True,0.074,3,energy_based,0.3,True,0.1,1,Study,5,0
GE-M3-10Ml.wav,3,0.009535695,07:55.0,0.1,3,1,56,True,0.008,4,energy_based,0.4,True,0.1,3,Study,,0
GE-M3-20ML.wav,4,0.053120837,05:16.4,0.1,2,0.5,85,True,0.024,2,energy_based,0.4,True,0.1,3,Study,20,1
GE-M3-3Ml.wav,2,0.031805206,48:20.2,0.1,3,0.3,84,True,0.059,5,energy_based,0.4,True,0.1,4,Study,3,2
GE-M3-50ML.wav,3,0.005065582,07:55.6,0.1,1.5,0.4,72,True,0.018,5,energy_based,0.4,True,0.1,3,Study,50,0
GE-M3-5ML.wav,3,0.033913825,54:05.6,0.05,1.5,0.1,90,True,0.011,4,silence_based,0.2,True,0.1,3,Study,5,0
GE-M4-10Ml.wav,3,0.049171623,54:06.7,0.1,1.5,0.5,90,True,0.02,3,energy_based,0.4,True,0.1,3,Study,10,0
GE-M4-20ML.wav,4,0.005443516,54:07.2,0.1,1.5,0.5,72,True,0.001,5,energy_based,0.4,True,0.1,3,Study,20,1
GE-M4-3ML.wav,2,0.022191333,54:07.6,0.1,1.5,0.5,72,True,0.001,5,energy_based,0.5,True,0.1,2,Study,3,0
GE-M4-5ML.wav,2,0.04241347,54:08.1,0.1,1.5,0.5,72,True,0.001,5,energy_based,0.5,True,0.1,2,Study,5,0
GE-M5-10ml.wav,3,0.037320342,57:33.5,0.1,1.5,0.3,76,True,0.001,4,silence_based,0.6,True,0.1,3,Study,10,0
GE-M5-20Ml.wav,5,0.011471272,35:16.5,0.1,1.5,0.8,70,True,0.005,5,energy_based,0.6,True,0.1,5,Study,20,0
GE-M5-3ml.wav,1,0.07014816,52:40.8,0.1,3,0.1,90,True,0.001,3,silence_based,0.4,True,0.1,1,Study,3,0
GE-M5-5Ml.wav,2,0.0389638,56:00.9,0.1,3,0.3,69,True,0.035,4,energy_based,0.5,True,0.1,2,Study,5,0
GE-M6-10ml.wav,2,0.013867498,58:09.6,0.1,1.5,0.2,90,True,0.014,2,energy_based,0.2,True,0.1,2,Study,10,0
GE-M6-20ml.wav,5,0.017643671,02:10.9,0.1,3,0.3,84,True,0.009,3,silence_based,0.2,True,0.1,5,Study,20,0
GE-M6-3ml.wav,1,0.027838204,05:28.0,0.1,1.5,0.3,63,True,0.001,5,energy_based,0.4,True,0.1,1,Study,3,0
GE-M6-5ml.wav,2,0.03615709,06:12.0,0.1,1.5,0.3,73,True,0.001,5,energy_based,0.4,True,0.1,2,Study,5,0
GE-M7-10Ml.wav,2,0.011319219,08:15.7,0.1,1.5,0.1,87,True,0.001,5,energy_based,0.1,True,0.1,2,Study,10,0
GE-M7-3ml.wav,2,0.04060221,09:43.2,0.1,1.5,0.1,90,True,0.043,5,silence_based,0.2,True,0.1,2,Study,,0
GE-M7-5ml.wav,2,0.039204672,10:50.9,0.1,1.5,0.6,81,True,0.015,3,silence_based,0.4,True,0.1,2,Study,,0
GE_F1-10ML.wav,2,0.026537009,12:21.6,0.1,1.5,0.1,69,True,0.01,3,silence_based,0.3,True,0.1,2,Study,10,0
GE_F1_3ML.wav,1,0.02469343,12:50.4,0.1,1.5,0.1,76,True,0.026,5,silence_based,0.3,True,0.1,1,Study,3,0
GE_F1_5ML.wav,2,0.017487705,13:37.7,0.1,1.5,0.1,76,True,0.001,5,energy_based,0.6,True,0.1,2,Study,5,0
GE_M1-20ml.wav,4,0.03308486,14:13.3,0.1,1.5,0.5,76,True,0.002,5,energy_based,0.6,True,0.1,4,Study,20,0
GE_M1_10ml.wav,2,0.082910016,14:48.9,0.1,1.5,0.5,88,True,0.002,5,energy_based,0.2,True,0.1,3,Study,10,1
GE_M1_5ml.wav,3,0.022035317,17:11.8,0.1,1.5,0.5,83,True,0.001,3,energy_based,0.4,True,0.1,3,Study,5,0
